{"cameraMode":{"drawMode":0,"name":"Shaded","section":"Shading Mode"},"sceneLighting":true,"audioPlay":false,"sceneViewState":{"m_AlwaysRefresh":false,"showFog":true,"showSkybox":true,"showFlares":true,"showImageEffects":true,"showParticleSystems":true,"showVisualEffectGraphs":true,"m_FxEnabled":true},"in2DMode":false,"pivot":{"x":0.602384090423584,"y":2.1112589836120607,"z":0.8100493550300598},"rotation":{"x":0.10360468178987503,"y":-0.02238195575773716,"z":0.002338734455406666,"w":0.9944427013397217},"size":2.886613130569458,"orthographic":false}